{
  "width": 1039,
  "height": 631,
  "cx": [
    [ "STOCKAGE", 477 ],
    [ "ACCUEILLE", 619 ],
    [ "CELLULE", 786 ],
    [ "COMPREND", 961 ],
    [ "PRODUIT_MATERIEL", 77 ],
    [ "EST_UN", 205 ],
    [ "EST_STOCKE", 477 ],
    [ "FAIT_PARTIE", 786 ],
    [ "ZONE", 961 ],
    [ "PRODUIT", 205 ],
    [ "CONTIENT", 363 ],
    [ "LOT", 477 ],
    [ "DETAILLE_RECEPTION", 619 ],
    [ "CONTENU_RECEPTION", 786 ],
    [ "A_POUR_RESPONSABLE", 961 ],
    [ "EST_INCLUS", 205 ],
    [ "EST_RECU_VIA", 477 ],
    [ "BON_RECEPTION", 619 ],
    [ "FOURNIT", 786 ],
    [ "EMPLOYE_ZONE", 961 ],
    [ "CONTENU_EXPEDITION", 205 ],
    [ "EST_LIVRE_VIA", 363 ],
    [ "COLIS", 477 ],
    [ "UTILISE", 619 ],
    [ "MATERIEL_EMBALLAGE", 786 ],
    [ "EST_ASSIGNE", 961 ],
    [ "DETAILLE_EXPEDITION", 205 ],
    [ "BON_EXPEDITION", 363 ],
    [ "LIVRE", 477 ],
    [ "INTERVENANT", 961 ]
  ],
  "cy": [
    [ "STOCKAGE", 51 ],
    [ "ACCUEILLE", 51 ],
    [ "CELLULE", 51 ],
    [ "COMPREND", 51 ],
    [ "PRODUIT_MATERIEL", 143 ],
    [ "EST_UN", 143 ],
    [ "EST_STOCKE", 143 ],
    [ "FAIT_PARTIE", 143 ],
    [ "ZONE", 143 ],
    [ "PRODUIT", 278 ],
    [ "CONTIENT", 278 ],
    [ "LOT", 278 ],
    [ "DETAILLE_RECEPTION", 278 ],
    [ "CONTENU_RECEPTION", 278 ],
    [ "A_POUR_RESPONSABLE", 278 ],
    [ "EST_INCLUS", 379 ],
    [ "EST_RECU_VIA", 379 ],
    [ "BON_RECEPTION", 379 ],
    [ "FOURNIT", 379 ],
    [ "EMPLOYE_ZONE", 379 ],
    [ "CONTENU_EXPEDITION", 471 ],
    [ "EST_LIVRE_VIA", 471 ],
    [ "COLIS", 471 ],
    [ "UTILISE", 471 ],
    [ "MATERIEL_EMBALLAGE", 471 ],
    [ "EST_ASSIGNE", 471 ],
    [ "DETAILLE_EXPEDITION", 580 ],
    [ "BON_EXPEDITION", 580 ],
    [ "LIVRE", 580 ],
    [ "INTERVENANT", 580 ]
  ],
  "shift": [
    [ "ACCUEILLE,CELLULE,0", 0 ],
    [ "ACCUEILLE,STOCKAGE,0", 0 ],
    [ "COMPREND,ZONE,0", 0 ],
    [ "COMPREND,CELLULE,0", 0 ],
    [ "EST_UN,PRODUIT,0", 0 ],
    [ "EST_UN,PRODUIT_MATERIEL,0", 0 ],
    [ "EST_STOCKE,LOT,0", 0 ],
    [ "EST_STOCKE,STOCKAGE,0", 0 ],
    [ "FAIT_PARTIE,LOT,0", 0 ],
    [ "FAIT_PARTIE,CONTENU_RECEPTION,0", 0 ],
    [ "CONTIENT,PRODUIT,0", 0 ],
    [ "CONTIENT,LOT,0", 0 ],
    [ "DETAILLE_RECEPTION,BON_RECEPTION,0", 0 ],
    [ "DETAILLE_RECEPTION,CONTENU_RECEPTION,0", 0 ],
    [ "A_POUR_RESPONSABLE,ZONE,0", 0 ],
    [ "A_POUR_RESPONSABLE,EMPLOYE_ZONE,0", 0 ],
    [ "EST_INCLUS,LOT,0", 0 ],
    [ "EST_INCLUS,CONTENU_EXPEDITION,0", 0 ],
    [ "EST_RECU_VIA,COLIS,0", 0 ],
    [ "EST_RECU_VIA,BON_RECEPTION,0", 0 ],
    [ "FOURNIT,INTERVENANT,0", 0 ],
    [ "FOURNIT,BON_RECEPTION,0", 0 ],
    [ "EST_LIVRE_VIA,COLIS,0", 0 ],
    [ "EST_LIVRE_VIA,BON_EXPEDITION,0", 0 ],
    [ "UTILISE,COLIS,0", 0 ],
    [ "UTILISE,MATERIEL_EMBALLAGE,0", 0 ],
    [ "EST_ASSIGNE,INTERVENANT,0", 0 ],
    [ "EST_ASSIGNE,EMPLOYE_ZONE,0", 0 ],
    [ "DETAILLE_EXPEDITION,BON_EXPEDITION,0", 0 ],
    [ "DETAILLE_EXPEDITION,CONTENU_EXPEDITION,0", 0 ],
    [ "LIVRE,INTERVENANT,0", 0 ],
    [ "LIVRE,BON_EXPEDITION,0", 0 ]
  ],
  "ratio": []
}
